{"furniture":[{"name":"Classic Sofa","x":99.0,"y":168.0,"scale":1.0}],"width":300.0,"height":400.0,"floorColor":{"red":0.8274509906768799,"green":0.8274509906768799,"blue":0.8274509906768799,"opacity":1.0},"wallColor":{"red":0.9607843160629272,"green":0.9607843160629272,"blue":0.8627451062202454,"opacity":1.0},"shape":"rectangle"}